Term Locale,Term Category,Act Alias Name,Act Alias Year,Act Identity Name,Act Identity Year,Case Sensitive
en-US,Geopolitcal - Acts,33,,Securities,1933,FALSE
en-US,Geopolitcal - Acts,34,,Securities Exchange,1934,FALSE
en-US,Geopolitcal - Acts,35,,Public Utility Holding Company,1935,FALSE
en-US,Geopolitcal - Acts,40,,Investment Company,1940,FALSE
en-US,Geopolitcal - Acts,1933,,Securities,1933,FALSE
en-US,Geopolitcal - Acts,1934,,Securities Exchange,1934,FALSE
en-US,Geopolitcal - Acts,1935,,Public Utility Holding Company,1935,FALSE
en-US,Geopolitcal - Acts,1940,,Investment Company,1940,FALSE
en-US,Geopolitcal - Acts,21st Century,2008,Check Clearing for the 21st Century,2008,FALSE
en-US,Geopolitcal - Acts,21st Century Communications And Video Accessibility,2011,,,FALSE
en-US,Geopolitcal - Acts,Accountable Pipeline Safety and Partnership,1996,,,FALSE
en-US,Geopolitcal - Acts,Age Discrimination In Employment,1967,,,FALSE
en-US,Geopolitcal - Acts,Air Transportation Safety And System Stabilization,2001,,,FALSE
en-US,Geopolitcal - Acts,Airline Deregulation,1978,,,FALSE
en-US,Geopolitcal - Acts,Airport Noise And Capacity,1990,,,FALSE
en-US,Geopolitcal - Acts,Alcoholic Beverage Labeling,1988,Anti Drug Abuse,1988,FALSE
en-US,Geopolitcal - Acts,Alternative Energy Portfolio Standards,2004,,,FALSE
en-US,Geopolitcal - Acts,American Clean Energy And Security,2009,,,FALSE
en-US,Geopolitcal - Acts,American Job Creation,2004,American Jobs Creation,2004,FALSE
en-US,Geopolitcal - Acts,American Jobs Creation,2004,,,FALSE
en-US,Geopolitcal - Acts,American Jobs Creations,2004,American Jobs Creation,2004,FALSE
en-US,Geopolitcal - Acts,American Microturbine Manufacturing and Clean Energy Deployment,2014,,,FALSE
en-US,Geopolitcal - Acts,American Recovery And Reinvestment,2009,,,FALSE
en-US,Geopolitcal - Acts,American Recovery And Reinvestment Tax,2009,American Recovery And Reinvestment,2009,FALSE
en-US,Geopolitcal - Acts,American Taxpayer Relief,2012,,,FALSE
en-US,Geopolitcal - Acts,American With Disabilities,1990,Americans With Disabilities,1990,FALSE
en-US,Geopolitcal - Acts,Americans With 6 Disabilities,1990,Americans With Disabilities,1990,FALSE
en-US,Geopolitcal - Acts,Americans With Disabilities,1990,,,FALSE
en-US,Geopolitcal - Acts,Anti Drug Abuse,1988,,,FALSE
en-US,Geopolitcal - Acts,Anti Kickback,1986,,,FALSE
en-US,Geopolitcal - Acts,Anti Price Discrimination,1936,,,FALSE
en-US,Geopolitcal - Acts,Anti-Kickback,1986,,,FALSE
en-US,Geopolitcal - Acts,Antitrust Procedures And Penalties,1974,,,FALSE
en-US,Geopolitcal - Acts,Arms Export Control,1976,,,FALSE
en-US,Geopolitcal - Acts,Assignment Of Claims,1940,,,FALSE
en-US,Geopolitcal - Acts,Atomic Energy,1954,,,FALSE
en-US,Geopolitcal - Acts,Automobile Dealers' Day in Court,1964,,,FALSE
en-US,Geopolitcal - Acts,Aviation And Transportation Security,2001,,,FALSE
en-US,Geopolitcal - Acts,Aviation Noise And Capacity,1990,,,FALSE
en-US,Geopolitcal - Acts,Aviation Safety and Capacity Expansion,1990,,,FALSE
en-US,Geopolitcal - Acts,Aviation Safety And Noise Abatement,1979,,,FALSE
en-US,Geopolitcal - Acts,Balance Budget,1997,Balanced Budget,1997,FALSE
en-US,Geopolitcal - Acts,Balanced Budget,1997,,,FALSE
en-US,Geopolitcal - Acts,Balanced Budget Refinement,1999,,,FALSE
en-US,Geopolitcal - Acts,Bank Enterprise,1991,,,FALSE
en-US,Geopolitcal - Acts,Bank Holding Company,1956,,,FALSE
en-US,Geopolitcal - Acts,Bank Secrecy,1970,,,FALSE
en-US,Geopolitcal - Acts,Bank Service Company,1962,,,FALSE
en-US,Geopolitcal - Acts,Banking,1933,,,FALSE
en-US,Geopolitcal - Acts,Bankruptcy Reform,1978,,,FALSE
en-US,Geopolitcal - Acts,Benefits Improvement And Protection,2000,,,FALSE
en-US,Geopolitcal - Acts,Bhc,1956,Bank Holding Company,1956,FALSE
en-US,Geopolitcal - Acts,Bilingual Education,1968,Education,1968,FALSE
en-US,Geopolitcal - Acts,Bioterrorism Response,2001,Public Health Security and Bioterrorism Preparedness Response,2002,FALSE
en-US,Geopolitcal - Acts,Black Lung Benefits,1972,,,FALSE
en-US,Geopolitcal - Acts,Black Lung Benefits Revenue,1977,,,FALSE
en-US,Geopolitcal - Acts,Brady,1993,,,FALSE
en-US,Geopolitcal - Acts,Brady Handgun Violence Prevention,1993,,,FALSE
en-US,Geopolitcal - Acts,Broadcasting,1967,Public Broadcasting,1967,FALSE
en-US,Geopolitcal - Acts,Budget Reconciliation,1993,,,FALSE
en-US,Geopolitcal - Acts,Cable,1984,Cable Communications Policy,1984,FALSE
en-US,Geopolitcal - Acts,Cable,1992,,,FALSE
en-US,Geopolitcal - Acts,Cable Communications Policy,1984,,,FALSE
en-US,Geopolitcal - Acts,Cable Television Consumer Protection And Competition,1992,,,FALSE
en-US,Geopolitcal - Acts,Can Spam,2003,Controlling the Assault of Non-Solicited Pornography And Marketing Act,2003,FALSE
en-US,Geopolitcal - Acts,Card,2009,Credit Card Accountability Responsibility and Disclosure,2009,FALSE
en-US,Geopolitcal - Acts,Cftc,1974,Commodity Futures Trading Commission,1974,FALSE
en-US,Geopolitcal - Acts,Change In Bank Control,1978,,,FALSE
en-US,Geopolitcal - Acts,Check 21,2008,Check Clearing for the 21st Century,2008,FALSE
en-US,Geopolitcal - Acts,Check Clearing for the 21st Century,2008,,,FALSE
en-US,Geopolitcal - Acts,Child Online Protection,1998,,,FALSE
en-US,Geopolitcal - Acts,Children' S Online Privacy Protection,1998,,,FALSE
en-US,Geopolitcal - Acts,Children' S Television,1990,,,FALSE
en-US,Geopolitcal - Acts,Chinese Exclusion Repeal,1943,,,FALSE
en-US,Geopolitcal - Acts,Civil Rights,1866,,,FALSE
en-US,Geopolitcal - Acts,Civil Rights,1964,,,FALSE
en-US,Geopolitcal - Acts,Civil Rights,1991,,,FALSE
en-US,Geopolitcal - Acts,Clean Air,1970,,,FALSE
en-US,Geopolitcal - Acts,Clean Air,1990,,,FALSE
en-US,Geopolitcal - Acts,Clean Air Planning,2002,,,FALSE
en-US,Geopolitcal - Acts,Clean Air Planning,2003,,,FALSE
en-US,Geopolitcal - Acts,Clean Power,2002,,,FALSE
en-US,Geopolitcal - Acts,Clean Power,2003,,,FALSE
en-US,Geopolitcal - Acts,Clean Water,1977,,,FALSE
en-US,Geopolitcal - Acts,Clear Skies,2003,,,FALSE
en-US,Geopolitcal - Acts,Climate Stewardship,2003,,,FALSE
en-US,Geopolitcal - Acts,Clinical Laboratory Improvement,1988,,,FALSE
en-US,Geopolitcal - Acts,Coal Industry Retiree Health Benefit,1992,,,FALSE
en-US,Geopolitcal - Acts,Coal Mine Safety and Health,1969,,,FALSE
en-US,Geopolitcal - Acts,Coast Guard Authorization,1996,,,FALSE
en-US,Geopolitcal - Acts,Commodity Exchange,1936,,,FALSE
en-US,Geopolitcal - Acts,Commodity Futures Trading Commission,1974,,,FALSE
en-US,Geopolitcal - Acts,Communications,1934,,,FALSE
en-US,Geopolitcal - Acts,Communications Assistance for Law Enforcement,1994,,,FALSE
en-US,Geopolitcal - Acts,Communications Decency,1996,,,FALSE
en-US,Geopolitcal - Acts,Communications Satellite,1962,,,FALSE
en-US,Geopolitcal - Acts,Community Development Banking And Financial Institutions,1994,,,FALSE
en-US,Geopolitcal - Acts,Community Reinvestment,1977,,,FALSE
en-US,Geopolitcal - Acts,Community Renewal Tax Relief,2000,,,FALSE
en-US,Geopolitcal - Acts,Community Right To Know,1986,Emergency Planning And Community Right To Know,1986,FALSE
en-US,Geopolitcal - Acts,Companies,1985,,,FALSE
en-US,Geopolitcal - Acts,Competitive Equality Banking,1987,,,FALSE
en-US,Geopolitcal - Acts,Comprehensive Energy Policy,1992,,,FALSE
en-US,Geopolitcal - Acts,Comprehensive Environmental Response Compensation And Liability,1980,"Comprehensive Environmental Response, Compensation, And Liability",1980,FALSE
en-US,Geopolitcal - Acts,"Comprehensive Environmental Response, Compensation And Liability",1980,"Comprehensive Environmental Response, Compensation, And Liability",1980,FALSE
en-US,Geopolitcal - Acts,"Comprehensive Environmental Response, Compensation, And Liability",1980,,,FALSE
en-US,Geopolitcal - Acts,Comprehensive Smoking Education,1984,,,FALSE
en-US,Geopolitcal - Acts,Consolidated Appropriations,2004,,,FALSE
en-US,Geopolitcal - Acts,Consolidated Budget Reconciliation,1985,,,FALSE
en-US,Geopolitcal - Acts,Consolidated Omnibus Budget Reconciliation,1985,,,FALSE
en-US,Geopolitcal - Acts,Consolidated Omnibus Budget Reconciliation,1986,,,FALSE
en-US,Geopolitcal - Acts,Consolidated Omnibus Reconciliation,1985,,,FALSE
en-US,Geopolitcal - Acts,Consumer Credit Protection,1968,,,FALSE
en-US,Geopolitcal - Acts,Consumer Product Safety Improvement,2008,,,FALSE
en-US,Geopolitcal - Acts,Continued Dumping And Subsidy Offset,2000,,,FALSE
en-US,Geopolitcal - Acts,Controlled Substances,1970,,,FALSE
en-US,Geopolitcal - Acts,Controlling the Assault of Non-Solicited Pornography And Marketing Act,2003,,,FALSE
en-US,Geopolitcal - Acts,Copyright,1976,,,FALSE
en-US,Geopolitcal - Acts,Cost Savings,1972,Motor Vehicle Information and Cost Savings,1972,FALSE
en-US,Geopolitcal - Acts,Credit Card Accountability Responsibility and Disclosure,2009,,,FALSE
en-US,Geopolitcal - Acts,Crime Control,1990,,,FALSE
en-US,Geopolitcal - Acts,Currency and Foreign Transactions Reporting,1970,Bank Secrecy,1970,FALSE
en-US,Geopolitcal - Acts,Cvaa,2011,21St Century Communications And Video Accessibility,2011,FALSE
en-US,Geopolitcal - Acts,Defense Appropriations,1991,Department of Defense Appropriations,1991,FALSE
en-US,Geopolitcal - Acts,Defense Production,1950,,,FALSE
en-US,Geopolitcal - Acts,Deficit Reduction,1984,,,FALSE
en-US,Geopolitcal - Acts,Deficit Reduction,2005,,,FALSE
en-US,Geopolitcal - Acts,Department of Defense Appropriations,1991,,,FALSE
en-US,Geopolitcal - Acts,Department Of Energy Organization,1977,,,FALSE
en-US,Geopolitcal - Acts,Deposit Insurance,1996,Deposit Insurance Funds,1996,FALSE
en-US,Geopolitcal - Acts,Deposit Insurance Fund,1996,Deposit Insurance Funds,1996,FALSE
en-US,Geopolitcal - Acts,Deposit Insurance Funds,1996,,,FALSE
en-US,Geopolitcal - Acts,Depository Institution Management Interlocks,1977,,,FALSE
en-US,Geopolitcal - Acts,Depository Institutions Deregulation And Monetary Control,1980,,,FALSE
en-US,Geopolitcal - Acts,Dietary Supplement Health And Education,1994,,,FALSE
en-US,Geopolitcal - Acts,Digital Millennium Copyright,1998,,,FALSE
en-US,Geopolitcal - Acts,Disaster Mitigation,2000,,,FALSE
en-US,Geopolitcal - Acts,Disaster Relief,1974,,,FALSE
en-US,Geopolitcal - Acts,Dmca,1998,Digital Millennium Copyright,1998,FALSE
en-US,Geopolitcal - Acts,Dodd Frank Financial Reform,2010,Dodd Frank Wall Street Reform And Consumer Protection,2010,FALSE
en-US,Geopolitcal - Acts,Dodd Frank Reform,2010,Dodd Frank Wall Street Reform And Consumer Protection,2010,FALSE
en-US,Geopolitcal - Acts,Dodd Frank Wall Street Reform And Consumer Protection,2010,,,FALSE
en-US,Geopolitcal - Acts,Doe,1977,Department Of Energy Organization,1977,FALSE
en-US,Geopolitcal - Acts,Drug Price Competition And Patent Term Restoration,1984,,,FALSE
en-US,Geopolitcal - Acts,Economic Growth And Paperwork Reduction,1996,Economic Growth And Regulatory Paperwork Reduction,1996,FALSE
en-US,Geopolitcal - Acts,Economic Growth And Regulatory Paperwork Reduction,1996,,,FALSE
en-US,Geopolitcal - Acts,Economic Growth And Tax Relief Reconciliation,2001,,,FALSE
en-US,Geopolitcal - Acts,Economic Recovery Tax,1981,,,FALSE
en-US,Geopolitcal - Acts,Economic Stimulus,2008,,,FALSE
en-US,Geopolitcal - Acts,Eft,1978,Electronic Fund Transfer,1978,FALSE
en-US,Geopolitcal - Acts,Electric Customer Choice And Competition,1999,,,FALSE
en-US,Geopolitcal - Acts,Electric Power Competition,1996,,,FALSE
en-US,Geopolitcal - Acts,Electric Restructuring,1997,,,FALSE
en-US,Geopolitcal - Acts,Electric Utility Industry Restructuring,1999,,,FALSE
en-US,Geopolitcal - Acts,Electric Utility Restructuring,1999,Electric Utility Industry Restructuring,1999,FALSE
en-US,Geopolitcal - Acts,Electronic Communications Privacy,2001,,,FALSE
en-US,Geopolitcal - Acts,Electronic Fund Transfer,1978,,,FALSE
en-US,Geopolitcal - Acts,Emergency Economic Stabilization,2008,,,FALSE
en-US,Geopolitcal - Acts,Emergency Low Income Preservation,1987,,,FALSE
en-US,Geopolitcal - Acts,Emergency Planning And Community Right To Know,1986,,,FALSE
en-US,Geopolitcal - Acts,Emergency Wartime Supplemental Appropriations,2003,,,FALSE
en-US,Geopolitcal - Acts,Employee Retirement Income,1974,Employee Retirement Income Security,1974,FALSE
en-US,Geopolitcal - Acts,Employee Retirement Income Security,1974,,,FALSE
en-US,Geopolitcal - Acts,Employee Retirement Security,1974,Employee Retirement Income Security,1974,FALSE
en-US,Geopolitcal - Acts,Employment Retirement Income Security,1974,Employee Retirement Income Security,1974,FALSE
en-US,Geopolitcal - Acts,Endangered Species,1973,,,FALSE
en-US,Geopolitcal - Acts,Enemy,1917,Trading with the Enemy,1917,FALSE
en-US,Geopolitcal - Acts,Energy,1992,Energy Policy,1992,FALSE
en-US,Geopolitcal - Acts,Energy,2005,Energy Policy,2005,FALSE
en-US,Geopolitcal - Acts,Energy Improvement And Extension,2008,,,FALSE
en-US,Geopolitcal - Acts,Energy Independence And Security,2007,,,FALSE
en-US,Geopolitcal - Acts,Energy Policies,1992,Energy Policy,1992,FALSE
en-US,Geopolitcal - Acts,Energy Policy,1992,,,FALSE
en-US,Geopolitcal - Acts,Energy Policy,2005,,,FALSE
en-US,Geopolitcal - Acts,Energy Reorganization,1974,,,FALSE
en-US,Geopolitcal - Acts,Energy Tax Incentives,2005,,,FALSE
en-US,Geopolitcal - Acts,Environment Protection,1970,,,FALSE
en-US,Geopolitcal - Acts,Equal Credit Opportunity,1974,,,FALSE
en-US,Geopolitcal - Acts,Equal Pay,1963,,,FALSE
en-US,Geopolitcal - Acts,Esa,1973,Endangered Species,1973,FALSE
en-US,Geopolitcal - Acts,Exchange,1934,Securities Exchange,1934,FALSE
en-US,Geopolitcal - Acts,Expedited Funds Availability,1987,,,FALSE
en-US,Geopolitcal - Acts,Export Administration,1979,,,FALSE
en-US,Geopolitcal - Acts,F d c,1938,"Federal Food, Drug, And Cosmetic",1938,FALSE
en-US,Geopolitcal - Acts,Fair And Accurate Credit Transactions,2003,,,FALSE
en-US,Geopolitcal - Acts,Fair Credit Reporting,1970,,,FALSE
en-US,Geopolitcal - Acts,Fair Credit Reporting,1978,Fair Credit Reporting,1970,FALSE
en-US,Geopolitcal - Acts,Fair Debt Collection Practices,1977,,,FALSE
en-US,Geopolitcal - Acts,Fair Housing,1968,Civil Rights,1968,FALSE
en-US,Geopolitcal - Acts,Fair Housing Amendments,1988,,,FALSE
en-US,Geopolitcal - Acts,Fair Labor Standards,1938,,,FALSE
en-US,Geopolitcal - Acts,Fair Packaging And Labelling,1967,,,FALSE
en-US,Geopolitcal - Acts,Fairness In Asbestos Injury Resolution,2005,,,FALSE
en-US,Geopolitcal - Acts,False Claims,1863,,,FALSE
en-US,Geopolitcal - Acts,Family And Medical Leave,1993,,,FALSE
en-US,Geopolitcal - Acts,Family Medical Leave,1993,Family And Medical Leave,1993,FALSE
en-US,Geopolitcal - Acts,Farm,1985,Food Security,1985,FALSE
en-US,Geopolitcal - Acts,Farm Credit,1971,,,FALSE
en-US,Geopolitcal - Acts,Farm Credit System Reform,1996,,,FALSE
en-US,Geopolitcal - Acts,Farm Security And Rural Investment,2002,,,FALSE
en-US,Geopolitcal - Acts,Fatca,2010,Foreign Account Tax Compliance,2010,FALSE
en-US,Geopolitcal - Acts,Fd c,1938,"Federal Food, Drug, And Cosmetic",1938,FALSE
en-US,Geopolitcal - Acts,Fda Modernization,1997,Food And Drug Administration Modernization,1997,FALSE
en-US,Geopolitcal - Acts,Fdc,1938,"Federal Food, Drug, And Cosmetic",1938,FALSE
en-US,Geopolitcal - Acts,Fdic Improvement,1991,,,FALSE
en-US,Geopolitcal - Acts,Federal Age Discrimination In Employment,1967,Age Discrimination In Employment,1967,FALSE
en-US,Geopolitcal - Acts,Federal Alternative Mortgage Transactions Parity,1982,Garn St . Germain Depository Institutions,1982,FALSE
en-US,Geopolitcal - Acts,Federal Americans With Disabilities,1990,Americans With Disabilities,1990,FALSE
en-US,Geopolitcal - Acts,Federal Assignment Of Claims,1940,,,FALSE
en-US,Geopolitcal - Acts,Federal Aviation,1958,,,FALSE
en-US,Geopolitcal - Acts,Federal Aviation Administration Authorization,1994,,,FALSE
en-US,Geopolitcal - Acts,Federal Bank Holding Company,1956,Bank Holding Company,1956,FALSE
en-US,Geopolitcal - Acts,Federal Bankruptcy Reform,1978,Bankruptcy Reform,1978,FALSE
en-US,Geopolitcal - Acts,Federal Civil Rights,1964,Civil Rights,1964,FALSE
en-US,Geopolitcal - Acts,Federal Communications,1934,Communications,1934,FALSE
en-US,Geopolitcal - Acts,Federal Comprehensive Environmental Response Compensation And Liability,1980,"Comprehensive Environmental Response, Compensation, And Liability",1980,FALSE
en-US,Geopolitcal - Acts,"Federal Comprehensive Environmental Response, Compensation And Liability",1980,"Comprehensive Environmental Response, Compensation, And Liability",1980,FALSE
en-US,Geopolitcal - Acts,"Federal Comprehensive Environmental Response, Compensation, And Liability",1980,"Comprehensive Environmental Response, Compensation, And Liability",1980,FALSE
en-US,Geopolitcal - Acts,Federal Consumer Credit Protection,1968,Consumer Credit Protection,1968,FALSE
en-US,Geopolitcal - Acts,Federal Deposit Insurance Corporation,1991,Federal Deposit Insurance Corporation Improvement,1991,FALSE
en-US,Geopolitcal - Acts,Federal Deposit Insurance Corporation Improvement,1991,,,FALSE
en-US,Geopolitcal - Acts,Federal Deposit Insurance Corporation Improvements,1991,Federal Deposit Insurance Corporation Improvement,1991,FALSE
en-US,Geopolitcal - Acts,Federal Deposit Insurance Reform,2005,,,FALSE
en-US,Geopolitcal - Acts,Federal Emergency Planning And Community Right To Know,1986,Emergency Planning And Community Right To Know,1986,FALSE
en-US,Geopolitcal - Acts,Federal Employee Retirement Income Security,1974,Employee Retirement Income Security,1974,FALSE
en-US,Geopolitcal - Acts,Federal Employers Liability,1908,,,FALSE
en-US,Geopolitcal - Acts,Federal Energy Policy,1992,Energy Policy,1992,FALSE
en-US,Geopolitcal - Acts,Federal Energy Policy,2005,,,FALSE
en-US,Geopolitcal - Acts,Federal Facilities Compliance,1992,,,FALSE
en-US,Geopolitcal - Acts,Federal Fair Labor Standards,1938,Fair Labor Standards,1938,FALSE
en-US,Geopolitcal - Acts,Federal False Claims,1863,False Claims,1863,FALSE
en-US,Geopolitcal - Acts,"Federal Food, Drug, And Cosmetic",1938,,,FALSE
en-US,Geopolitcal - Acts,Federal Gambling Devices,1962,,,FALSE
en-US,Geopolitcal - Acts,Federal Hazardous Substances,1960,,,FALSE
en-US,Geopolitcal - Acts,Federal Health Insurance Portability And Accountability,1996,Health Insurance Portability And Accountability,1996,FALSE
en-US,Geopolitcal - Acts,Federal Health Maintenance Organization,1973,Health Maintenance Organization,1973,FALSE
en-US,Geopolitcal - Acts,"Federal Insecticide, Fungicide And Rodenticide",1910,,,FALSE
en-US,Geopolitcal - Acts,Federal Mine Safety and Health,1977,,,FALSE
en-US,Geopolitcal - Acts,Federal Oil Pollution,1990,Oil Pollution,1990,FALSE
en-US,Geopolitcal - Acts,Federal Private Securities Litigation Reform,1995,Private Securities Litigation Reform,1995,FALSE
en-US,Geopolitcal - Acts,Federal Reserve,1913,,,FALSE
en-US,Geopolitcal - Acts,Federal Resource Conservation And Recovery,1976,Resource Conservation And Recovery,1976,FALSE
en-US,Geopolitcal - Acts,Federal Securities,1933,Securities,1933,FALSE
en-US,Geopolitcal - Acts,Federal Telecommunications,1996,Telecommunications,1996,FALSE
en-US,Geopolitcal - Acts,Federal Telemarketing And Consumer Fraud And Abuse Prevention,1994,,,FALSE
en-US,Geopolitcal - Acts,Federal Telephone Consumer Protection,1991,,,FALSE
en-US,Geopolitcal - Acts,Federal Tort Claims,1946,,,FALSE
en-US,Geopolitcal - Acts,Federal Water Pollution Control,1972,,,FALSE
en-US,Geopolitcal - Acts,"Financial Institution Reform, Recovery And Enforcement",1989,"Financial Institutions Reform, Recovery, And Enforcement",1989,FALSE
en-US,Geopolitcal - Acts,"Financial Institutions Reform, Recovery And Enforcement",1989,"Financial Institutions Reform, Recovery, And Enforcement",1989,FALSE
en-US,Geopolitcal - Acts,"Financial Institutions Reform, Recovery, And Enforcement",1989,,,FALSE
en-US,Geopolitcal - Acts,Financial Institutions Regulatory And Interest Rate Control,1978,,,FALSE
en-US,Geopolitcal - Acts,Financial Institutions Supervisory,1966,,,FALSE
en-US,Geopolitcal - Acts,Financial Modernization,1999,Gramm Leach Bliley Financial Services Modernization,1999,FALSE
en-US,Geopolitcal - Acts,Financial Regulatory Relief and Economic Efficiency,2000,,,FALSE
en-US,Geopolitcal - Acts,Financial Services,1999,Gramm Leach Bliley Financial Services Modernization,1999,FALSE
en-US,Geopolitcal - Acts,Financial Services Modernization,1999,Gramm Leach Bliley Financial Services Modernization,1999,FALSE
en-US,Geopolitcal - Acts,Financial Services Regulatory Relief,2002,,,FALSE
en-US,Geopolitcal - Acts,Financial Services Regulatory Relief,2006,,,FALSE
en-US,Geopolitcal - Acts,Fishery Conservation and Management,1976,,,FALSE
en-US,Geopolitcal - Acts,Flammable Fabrics,1953,,,FALSE
en-US,Geopolitcal - Acts,Flood Disaster Protection,1973,,,FALSE
en-US,Geopolitcal - Acts,Food And Drug Administration Modernization,1997,,,FALSE
en-US,Geopolitcal - Acts,Food And Drug Modernization,1997,Food And Drug Administration Modernization,1997,FALSE
en-US,Geopolitcal - Acts,Food Security,1985,,,FALSE
en-US,Geopolitcal - Acts,"Food, Agriculture, Conservation And Trade",1990,,,FALSE
en-US,Geopolitcal - Acts,"Food, Drug And Cosmetic",1938,"Federal Food, Drug, And Cosmetic",1938,FALSE
en-US,Geopolitcal - Acts,Foreign Account Tax Compliance,2010,,,FALSE
en-US,Geopolitcal - Acts,Foreign Corrupt Practices,1977,,,FALSE
en-US,Geopolitcal - Acts,Foreign Investment In Real Property Tax,1980,,,FALSE
en-US,Geopolitcal - Acts,Frac,2009,Fracturing Responsibility and Awareness of Chemicals,2009,FALSE
en-US,Geopolitcal - Acts,Fracturing Responsibility and Awareness of Chemicals,2009,,,FALSE
en-US,Geopolitcal - Acts,Futures Trading Practices,1992,,,FALSE
en-US,Geopolitcal - Acts,G l b,1999,Gramm Leach Bliley Financial Services Modernization,1999,FALSE
en-US,Geopolitcal - Acts,Garn St . Germain Depository Institutions,1982,,,FALSE
en-US,Geopolitcal - Acts,General Mining,1872,,,FALSE
en-US,Geopolitcal - Acts,Generic Animal Drug And Patent Term Restoration,1988,,,FALSE
en-US,Geopolitcal - Acts,Generic Drug Enforcement,1992,,,FALSE
en-US,Geopolitcal - Acts,Georgia Hazardous Site Response,1993,,,FALSE
en-US,Geopolitcal - Acts,Geothermal Steam,1970,,,FALSE
en-US,Geopolitcal - Acts,Glass Steagall,1933,Banking,1933,FALSE
en-US,Geopolitcal - Acts,Glb,1999,Gramm Leach Bliley Financial Services Modernization,1999,FALSE
en-US,Geopolitcal - Acts,Government Securities,1986,,,FALSE
en-US,Geopolitcal - Acts,Graham Leach Bliley,1999,Gramm Leach Bliley Financial Services Modernization,1999,FALSE
en-US,Geopolitcal - Acts,Gramm Leach Bliley,1998,Gramm Leach Bliley Financial Services Modernization,1999,FALSE
en-US,Geopolitcal - Acts,Gramm Leach Bliley,1999,Gramm Leach Bliley Financial Services Modernization,1999,FALSE
en-US,Geopolitcal - Acts,Gramm Leach Bliley Financial Modernization,1999,Gramm Leach Bliley Financial Services Modernization,1999,FALSE
en-US,Geopolitcal - Acts,Gramm Leach Bliley Financial Services Modernization,1999,,,FALSE
en-US,Geopolitcal - Acts,Great Lakes Critical Programs,1990,,,FALSE
en-US,Geopolitcal - Acts,Gulf Opportunity Zone,2005,,,FALSE
en-US,Geopolitcal - Acts,Hart Scott Rodino Antitrust Improvement,1976,Hart Scott Rodino Antitrust Improvements,1976,FALSE
en-US,Geopolitcal - Acts,Hart Scott Rodino Antitrust Improvements,1976,,,FALSE
en-US,Geopolitcal - Acts,Hatch Waxman,1984,Drug Price Competition and Patent Term Restoration,1984,FALSE
en-US,Geopolitcal - Acts,Hazardous Liquid Pipeline Safety,1979,,,FALSE
en-US,Geopolitcal - Acts,Hazardous Materials Transportation,1975,,,FALSE
en-US,Geopolitcal - Acts,Hazardous Materials Transportation Authorization,1994,,,FALSE
en-US,Geopolitcal - Acts,Health Care And Education Reconciliation,2010,,,FALSE
en-US,Geopolitcal - Acts,Health Information Technology for Economic and Clinical Health,2009,American Recovery And Reinvestment,2009,FALSE
en-US,Geopolitcal - Acts,Health Insurance Portability And Accountability,1996,,,FALSE
en-US,Geopolitcal - Acts,Health Maintenance Organization,1973,,,FALSE
en-US,Geopolitcal - Acts,Health Security,1993,,,FALSE
en-US,Geopolitcal - Acts,Helping Families Save Their Homes Act,2009,,,FALSE
en-US,Geopolitcal - Acts,Heroes Earnings Assistance And Relief Tax,2008,,,FALSE
en-US,Geopolitcal - Acts,Higher Education,1965,,,FALSE
en-US,Geopolitcal - Acts,Highway Safety,1970,,,FALSE
en-US,Geopolitcal - Acts,Hipa,1996,Health Insurance Portability And Accountability,1996,FALSE
en-US,Geopolitcal - Acts,Hmo,1973,Health Maintenance Organization,1973,FALSE
en-US,Geopolitcal - Acts,Home Mortgage Disclosure,1975,,,FALSE
en-US,Geopolitcal - Acts,Home Owners' Loan,1933,,,FALSE
en-US,Geopolitcal - Acts,Home Ownership And Equity Protection,1994,,,FALSE
en-US,Geopolitcal - Acts,Homeland Investment,2004,,,FALSE
en-US,Geopolitcal - Acts,Homeland Security,2002,,,FALSE
en-US,Geopolitcal - Acts,Household Goods Transportation,1980,,,FALSE
en-US,Geopolitcal - Acts,Housing And Community Development,1974,,,FALSE
en-US,Geopolitcal - Acts,Housing And Economic Recovery,2008,,,FALSE
en-US,Geopolitcal - Acts,Housing Assistance Tax,2008,,,FALSE
en-US,Geopolitcal - Acts,Housing Opportunity Program Extension,1996,,,FALSE
en-US,Geopolitcal - Acts,Hsr,1976,Hart Scott Rodino Antitrust Improvements,1976,FALSE
en-US,Geopolitcal - Acts,Icc Termination,1995,Interstate Commerce Commission Termination,1995,FALSE
en-US,Geopolitcal - Acts,Ilsa,1968,Interstate Land Sales Full Disclosure,1968,FALSE
en-US,Geopolitcal - Acts,Ilsfda,1968,Interstate Land Sales Full Disclosure,1968,FALSE
en-US,Geopolitcal - Acts,Immigration Reform And Control,1986,,,FALSE
en-US,Geopolitcal - Acts,Indian Gaming Regulatory,1988,,,FALSE
en-US,Geopolitcal - Acts,Insecticide,1910,"Federal Insecticide, Fungicide And Rodenticide",1910,FALSE
en-US,Geopolitcal - Acts,"Insecticide, Fungicide And Rodenticide",1910,"Federal Insecticide, Fungicide And Rodenticide",1910,FALSE
en-US,Geopolitcal - Acts,Insider Trading And Securities Fraud Enforcement,1988,,,FALSE
en-US,Geopolitcal - Acts,Insolvency,1986,,,FALSE
en-US,Geopolitcal - Acts,Intercoastal Shipping,1933,,,FALSE
en-US,Geopolitcal - Acts,Intermodal Surface Transportation Efficiency,1991,,,FALSE
en-US,Geopolitcal - Acts,Internal Revenue Service Restructuring And Reform,1998,,,FALSE
en-US,Geopolitcal - Acts,International Air Transportation Competition,1979,,,FALSE
en-US,Geopolitcal - Acts,International Banking,1978,,,FALSE
en-US,Geopolitcal - Acts,International Lending Supervision,1983,,,FALSE
en-US,Geopolitcal - Acts,International Maritime Satellite Telecommunications,1978,,,FALSE
en-US,Geopolitcal - Acts,International Money Laundering Abatement And Anti Terrorism Financing,2001,International Money Laundering Abatement And Anti Terrorist Financing,2001,FALSE
en-US,Geopolitcal - Acts,International Money Laundering Abatement And Anti Terrorist Financing,2001,,,FALSE
en-US,Geopolitcal - Acts,International Money Laundering Abatement And Financial Anti Terrorism,2001,International Money Laundering Abatement And Anti Terrorist Financing,2001,FALSE
en-US,Geopolitcal - Acts,Interstate,1994,Riegle Neal Interstate Banking and Branching Efficiency,1994,FALSE
en-US,Geopolitcal - Acts,Interstate Banking,1994,Riegle Neal Interstate Banking and Branching Efficiency,1994,FALSE
en-US,Geopolitcal - Acts,Interstate Banking And Branching Efficiency,1994,,,FALSE
en-US,Geopolitcal - Acts,Interstate Commerce,1887,,,FALSE
en-US,Geopolitcal - Acts,Interstate Commerce Commission Termination,1995,,,FALSE
en-US,Geopolitcal - Acts,Interstate Horseracing,1978,,,FALSE
en-US,Geopolitcal - Acts,Interstate Land Sales Full Disclosure,1968,,,FALSE
en-US,Geopolitcal - Acts,Interstate Wire,1961,,,FALSE
en-US,Geopolitcal - Acts,Investment Advisers,1940,,,FALSE
en-US,Geopolitcal - Acts,Investment Advisors,1940,Investment Advisers,1940,FALSE
en-US,Geopolitcal - Acts,Investment Company,1940,,,FALSE
en-US,Geopolitcal - Acts,Irs Restructuring And Reform,1998,,,FALSE
en-US,Geopolitcal - Acts,Job Creation,2010,,,FALSE
en-US,Geopolitcal - Acts,Job Creation And Worker Assistance,2002,,,FALSE
en-US,Geopolitcal - Acts,Job Creation And Workers Assistance,2002,Job Creation And Worker Assistance,2002,FALSE
en-US,Geopolitcal - Acts,Jobs And Growth Tax Relief Reconciliation,2003,,,FALSE
en-US,Geopolitcal - Acts,Jobs Creation,2004,,,FALSE
en-US,Geopolitcal - Acts,Jones,1920,Merchant Marine,1920,FALSE
en-US,Geopolitcal - Acts,Katrina Emergency Tax Relief,2005,,,FALSE
en-US,Geopolitcal - Acts,Lanham,1946,Trademark,1946,FALSE
en-US,Geopolitcal - Acts,Lincoln,1863,False Claims,1863,FALSE
en-US,Geopolitcal - Acts,Low Carbon Economy,2007,,,FALSE
en-US,Geopolitcal - Acts,Low Income Housing Preservation And Resident Homeownership,1990,,,FALSE
en-US,Geopolitcal - Acts,Low Level Radioactive Waste Policy,1980,,,FALSE
en-US,Geopolitcal - Acts,Low Level Radioactive Waste Policy Amendments,1985,,,FALSE
en-US,Geopolitcal - Acts,Magnuson Moss Warranty,1975,,,FALSE
en-US,Geopolitcal - Acts,Magnuson Stevens Fishery Conservation and Management,1976,Fishery Conservation and Management,1976,FALSE
en-US,Geopolitcal - Acts,Magnuson Stevens Fishery Conservation and Management Reauthorization,2006,,,FALSE
en-US,Geopolitcal - Acts,"Marine Protection, Research And Sanctuaries",1972,,,FALSE
en-US,Geopolitcal - Acts,Maritime Security,1996,,,FALSE
en-US,Geopolitcal - Acts,Maritime Transportation Security,2002,,,FALSE
en-US,Geopolitcal - Acts,Market Reform,1990,,,FALSE
en-US,Geopolitcal - Acts,Mcfadden,1927,,,FALSE
en-US,Geopolitcal - Acts,Meaning Of Private Securities Litigation Reform,1995,,,FALSE
en-US,Geopolitcal - Acts,Medical Device User Fee And Modernization,2002,,,FALSE
en-US,Geopolitcal - Acts,Medical Waste Tracking,1988,,,FALSE
en-US,Geopolitcal - Acts,Medicare And Medicaid Patient And Program Protection,1987,,,FALSE
en-US,Geopolitcal - Acts,Medicare Balanced Budget Refinement,1999,,,FALSE
en-US,Geopolitcal - Acts,Medicare Improvements For Patients And Providers,2008,,,FALSE
en-US,Geopolitcal - Acts,Medicare Modernization,2003,,,FALSE
en-US,Geopolitcal - Acts,Medicare Prescription Drug Improvement And Modernization,2003,"Medicare Prescription Drug, Improvement, And Modernization",2003,FALSE
en-US,Geopolitcal - Acts,"Medicare Prescription Drug, Improvement And Modernization",2003,"Medicare Prescription Drug, Improvement, And Modernization",2003,FALSE
en-US,Geopolitcal - Acts,"Medicare Prescription Drug, Improvement, And Modernization",2003,,,FALSE
en-US,Geopolitcal - Acts,Medicare Reform,2003,"Medicare Prescription Drug, Improvement, And Modernization",2003,FALSE
en-US,Geopolitcal - Acts,"Medicare, Medicaid And Schip Balanced Budget Refinement",1999,,,FALSE
en-US,Geopolitcal - Acts,"Medicare, Medicaid And Schip Benefits Improvement And Protection",2000,"Medicare, Medicaid, And Schip Benefits Improvement And Protection",2000,FALSE
en-US,Geopolitcal - Acts,"Medicare, Medicaid, And Schip Benefits Improvement And Protection",2000,,,FALSE
en-US,Geopolitcal - Acts,Merchant Marine,1920,,,FALSE
en-US,Geopolitcal - Acts,Merchant Marine,1936,,,FALSE
en-US,Geopolitcal - Acts,Migratory Bird Treaty,1918,,,FALSE
en-US,Geopolitcal - Acts,Mineral Lands Leasing,1920,,,FALSE
en-US,Geopolitcal - Acts,Monetary Control,1980,Depository Institutions Deregulation And Monetary Control,1980,FALSE
en-US,Geopolitcal - Acts,Money Laundering Control,1986,,,FALSE
en-US,Geopolitcal - Acts,Money Laundering Suppression,1994,,,FALSE
en-US,Geopolitcal - Acts,Motor Carrier,1980,,,FALSE
en-US,Geopolitcal - Acts,Motor Vehicle Information and Cost Savings,1972,,,FALSE
en-US,Geopolitcal - Acts,Multi Employer Pension Plan Amendments,1980,,,FALSE
en-US,Geopolitcal - Acts,Multi Family Assisted Housing Reform And Affordability,1997,,,FALSE
en-US,Geopolitcal - Acts,Multiemployer Pension Plan Amendments,1980,,,FALSE
en-US,Geopolitcal - Acts,National Bank,1864,,,FALSE
en-US,Geopolitcal - Acts,National Cooperative Research And Development,1993,,,FALSE
en-US,Geopolitcal - Acts,National Dam Inspection,1972,,,FALSE
en-US,Geopolitcal - Acts,National Emission Standards,1967,,,FALSE
en-US,Geopolitcal - Acts,National Energy Policy,1992,,,FALSE
en-US,Geopolitcal - Acts,National Environmental Policy,1969,,,FALSE
en-US,Geopolitcal - Acts,National Flood Insurance,1968,,,FALSE
en-US,Geopolitcal - Acts,National Flood Insurance Reform,1994,,,FALSE
en-US,Geopolitcal - Acts,National Highway Transportation Safety,1970,Highway Safety,1970,FALSE
en-US,Geopolitcal - Acts,National Housing,1934,,,FALSE
en-US,Geopolitcal - Acts,National Labor Relations,1935,,,FALSE
en-US,Geopolitcal - Acts,National Manufactured Housing Construction And Safety Standards,1974,,,FALSE
en-US,Geopolitcal - Acts,National Traffic And Motor Vehicle Safety,1966,,,FALSE
en-US,Geopolitcal - Acts,Natural Gas,1938,,,FALSE
en-US,Geopolitcal - Acts,Natural Gas Pipeline Safety,1968,,,FALSE
en-US,Geopolitcal - Acts,Natural Gas Policy,1978,,,FALSE
en-US,Geopolitcal - Acts,Natural Gas Wellhead Decontrol,1989,,,FALSE
en-US,Geopolitcal - Acts,Noise,1972,,,FALSE
en-US,Geopolitcal - Acts,Noise Pollution and Abatement,1972,Noise Pollution and Abatement,1972,FALSE
en-US,Geopolitcal - Acts,Nonadmitted and Reinsurance Reform,2010,,,FALSE
en-US,Geopolitcal - Acts,Nuclear Waste Policy,1982,,,FALSE
en-US,Geopolitcal - Acts,Nutrition Labeling And Education,1990,,,FALSE
en-US,Geopolitcal - Acts,Occupational Safety And Health,1970,,,FALSE
en-US,Geopolitcal - Acts,Ocean Dumping,1972,"Marine Protection, Research And Sanctuaries",1972,FALSE
en-US,Geopolitcal - Acts,Ohio Electric Restructuring,1999,,,FALSE
en-US,Geopolitcal - Acts,Oil Industry Tax Break Repeal,2007,,,FALSE
en-US,Geopolitcal - Acts,Oil Pollution,1990,,,FALSE
en-US,Geopolitcal - Acts,Older Workers Benefit Protection,1990,,,FALSE
en-US,Geopolitcal - Acts,Omnibus Budget Reconciliation,1987,,,FALSE
en-US,Geopolitcal - Acts,Omnibus Budget Reconciliation,1989,,,FALSE
en-US,Geopolitcal - Acts,Omnibus Budget Reconciliation,1990,,,FALSE
en-US,Geopolitcal - Acts,Omnibus Budget Reconciliation,1993,,,FALSE
en-US,Geopolitcal - Acts,Omnibus Budget Reform,1992,Omnibus Budget Reconciliation,1993,FALSE
en-US,Geopolitcal - Acts,Organized Crime Control,1970,,,FALSE
en-US,Geopolitcal - Acts,Orphan Drug,1983,,,FALSE
en-US,Geopolitcal - Acts,Outer Continental Shelf Lands,1953,,,FALSE
en-US,Geopolitcal - Acts,Paperwork Reduction And Regulatory Improvement,2004,,,FALSE
en-US,Geopolitcal - Acts,Path,2015,Protecting Americans from Tax Hikes,2015,FALSE
en-US,Geopolitcal - Acts,Patient Protection And Affordable Care,2010,,,FALSE
en-US,Geopolitcal - Acts,Pediatric Research Equity,2003,,,FALSE
en-US,Geopolitcal - Acts,Peer Review Improvement,1982,,,FALSE
en-US,Geopolitcal - Acts,Pension Annuitants' Protection,1994,,,FALSE
en-US,Geopolitcal - Acts,Pension Funding Equity,2004,,,FALSE
en-US,Geopolitcal - Acts,Pension Protection,2006,,,FALSE
en-US,Geopolitcal - Acts,Pets Evacuation and Transportation Standards,2006,,,FALSE
en-US,Geopolitcal - Acts,Physician Payments Sunshine,2010,Patient Protection And Affordable Care,2010,FALSE
en-US,Geopolitcal - Acts,Pipeline Safety,1979,Hazardous Liquid Pipeline Safety,1979,FALSE
en-US,Geopolitcal - Acts,Pipeline Safety,1992,,,FALSE
en-US,Geopolitcal - Acts,Pipeline Safety Improvement,2002,,,FALSE
en-US,Geopolitcal - Acts,Pipeline Safety Reauthorization,1988,,,FALSE
en-US,Geopolitcal - Acts,Pollution Prevention,1990,,,FALSE
en-US,Geopolitcal - Acts,Port And Tanker Safety,1978,,,FALSE
en-US,Geopolitcal - Acts,Power,1920,Water Power,1920,FALSE
en-US,Geopolitcal - Acts,Powerplant and Industrial Fuel Use,1978,,,FALSE
en-US,Geopolitcal - Acts,Prescription Drug Marketing,1987,,,FALSE
en-US,Geopolitcal - Acts,Prescription Drug User Fee,1992,,,FALSE
en-US,Geopolitcal - Acts,Price Anderson Amendments,1988,,,FALSE
en-US,Geopolitcal - Acts,Price Anderson Nuclear Industries Indemnity,1957,,,FALSE
en-US,Geopolitcal - Acts,Private Litigation Reform,1995,Private Securities Litigation Reform,1995,FALSE
en-US,Geopolitcal - Acts,Private Securities Litigation,1995,Private Securities Litigation Reform,1995,FALSE
en-US,Geopolitcal - Acts,Private Securities Litigation Reform,1995,,,FALSE
en-US,Geopolitcal - Acts,Private Securities Litigation Reform,1996,Private Securities Litigation Reform,1995,FALSE
en-US,Geopolitcal - Acts,Private Securities Reform,1995,Private Securities Litigation Reform,1995,FALSE
en-US,Geopolitcal - Acts,Protecting Americans from Tax Hikes,2015,,,FALSE
en-US,Geopolitcal - Acts,Protection Of Children From Sexual Predators,1998,,,FALSE
en-US,Geopolitcal - Acts,Public Broadcasting,1967,,,FALSE
en-US,Geopolitcal - Acts,Public Company Accounting Reform And Investor Protection,2002,,,FALSE
en-US,Geopolitcal - Acts,Public Health Security and Bioterrorism Preparedness Response,2002,,,FALSE
en-US,Geopolitcal - Acts,Public Health Service,1944,,,FALSE
en-US,Geopolitcal - Acts,Public Utilities Holding Company,1935,Public Utility Holding Company,1935,FALSE
en-US,Geopolitcal - Acts,Public Utilities Regulatory Policies,1978,,,FALSE
en-US,Geopolitcal - Acts,Public Utility Holding Company,1935,,,FALSE
en-US,Geopolitcal - Acts,Public Utility Holding Company,2005,,,FALSE
en-US,Geopolitcal - Acts,Public Utility Regulatory Policies,1978,Public Utility Regulatory Policy,1978,FALSE
en-US,Geopolitcal - Acts,Public Utility Regulatory Policy,1978,,,FALSE
en-US,Geopolitcal - Acts,Racketeer Influenced and Corrupt Organizations,1970,Organized Crime Control,1970,FALSE
en-US,Geopolitcal - Acts,Railroad Retirement,1937,,,FALSE
en-US,Geopolitcal - Acts,Railway Labor,1926,,,FALSE
en-US,Geopolitcal - Acts,Real Estate Investment Trust,1960,,,FALSE
en-US,Geopolitcal - Acts,Real Estate Settlement Procedures,1974,,,FALSE
en-US,Geopolitcal - Acts,Recently Enacted American Jobs Creation,2004,American Jobs Creation,2004,FALSE
en-US,Geopolitcal - Acts,Recently Enacted Sarbanes Oxley,2002,Sarbanes Oxley,2002,FALSE
en-US,Geopolitcal - Acts,Recently Enacted Telecommunications,1996,Telecommunications,1996,FALSE
en-US,Geopolitcal - Acts,Recently Enacted Telecommunications Reform,1996,Telecommunications,1996,FALSE
en-US,Geopolitcal - Acts,Rehabilitation,1973,,,FALSE
en-US,Geopolitcal - Acts,Reigle Neal Interstate Banking And Branching Efficiency,1994,Riegle Neal Interstate Banking and Branching Efficiency,1994,FALSE
en-US,Geopolitcal - Acts,Reit Modernization,1999,,,FALSE
en-US,Geopolitcal - Acts,Requirements Of Securities Exchange,1934,Securities Exchange,1934,FALSE
en-US,Geopolitcal - Acts,Resource Conservation And Recovery,1976,,,FALSE
en-US,Geopolitcal - Acts,Resource Conservation And Recovery,1980,Resource Conservation And Recovery,1976,FALSE
en-US,Geopolitcal - Acts,Retirement Equity,1984,,,FALSE
en-US,Geopolitcal - Acts,Retirement Protection,1994,,,FALSE
en-US,Geopolitcal - Acts,Revenue,1987,,,FALSE
en-US,Geopolitcal - Acts,Revenue Reconciliation,1990,,,FALSE
en-US,Geopolitcal - Acts,Revenue Reconciliation,1993,,,FALSE
en-US,Geopolitcal - Acts,Rico,1970,Organized Crime Control,1970,FALSE
en-US,Geopolitcal - Acts,Riegel Neal Interstate Banking And Branching Efficiency,1994,Riegle Neal Interstate Banking and Branching Efficiency,1994,FALSE
en-US,Geopolitcal - Acts,Riegle,1994,Riegle Neal Interstate Banking and Branching Efficiency,1994,FALSE
en-US,Geopolitcal - Acts,Riegle Community Development And Regulatory Improvement,1994,,,FALSE
en-US,Geopolitcal - Acts,Riegle Neal,1994,Riegle Neal Interstate Banking and Branching Efficiency,1994,FALSE
en-US,Geopolitcal - Acts,Riegle Neal Interstate Banking And Branching Efficiency,1994,Riegle Neal Interstate Banking and Branching Efficiency,1994,FALSE
en-US,Geopolitcal - Acts,Robert T. Stafford Disaster Relief and Emergency Assistance,1988,,,FALSE
en-US,Geopolitcal - Acts,Robinson Patman,1936,Anti Price Discrimination,1936,FALSE
en-US,Geopolitcal - Acts,Sabanes Oxley,2002,Sarbanes Oxley,2002,FALSE
en-US,Geopolitcal - Acts,Safe Drinking Water,1974,,,FALSE
en-US,Geopolitcal - Acts,Safe Medical Device,1990,Safe Medical Devices,1990,FALSE
en-US,Geopolitcal - Acts,Safe Medical Devices,1990,,,FALSE
en-US,Geopolitcal - Acts,Safety,2002,Support Anti-terrorism by Fostering Effective Technologies,2002,FALSE
en-US,Geopolitcal - Acts,Sarbanes  Oxley,2002,Sarbanes Oxley,2002,FALSE
en-US,Geopolitcal - Acts,Sarbanes / Oxley,2002,Sarbanes Oxley,2002,FALSE
en-US,Geopolitcal - Acts,Sarbanes Oxley,2002,Sarbanes Oxley,2002,FALSE
en-US,Geopolitcal - Acts,Sarbanes Oxley,2003,Sarbanes Oxley,2002,FALSE
en-US,Geopolitcal - Acts,Sarbanes Oxley Of,2002,Sarbanes Oxley,2002,FALSE
en-US,Geopolitcal - Acts,Sarbannes Oxley,2002,Sarbanes Oxley,2002,FALSE
en-US,Geopolitcal - Acts,Sarbarnes Oxley,2002,Sarbanes Oxley,2002,FALSE
en-US,Geopolitcal - Acts,Satellite,1962,Communications Satellite,1962,FALSE
en-US,Geopolitcal - Acts,Satellite Home Viewer,1999,Satellite Home Viewer Improvement,1999,FALSE
en-US,Geopolitcal - Acts,Satellite Home Viewer Improvement,1999,,,FALSE
en-US,Geopolitcal - Acts,Satellite Television Extension And Localism,2010,,,FALSE
en-US,Geopolitcal - Acts,Satellite Television Extension and Localism Act,2010,,,FALSE
en-US,Geopolitcal - Acts,Savings And Loan Holding Company,1967,,,FALSE
en-US,Geopolitcal - Acts,Secure And Fair Enforcement For Mortgage Licensing,2008,,,FALSE
en-US,Geopolitcal - Acts,Securities,1933,,,FALSE
en-US,Geopolitcal - Acts,Securities,1934,Securities Exchange,1934,FALSE
en-US,Geopolitcal - Acts,Securities,1993,Securities,1933,FALSE
en-US,Geopolitcal - Acts,Securities \ Exchange,1934,Securities Exchange,1934,FALSE
en-US,Geopolitcal - Acts,Securities And Exchange,1933,Securities Exchange,1934,FALSE
en-US,Geopolitcal - Acts,Securities And Exchange,1934,Securities Exchange,1934,FALSE
en-US,Geopolitcal - Acts,Securities Enforcement And Penny Stock Reform,1990,,,FALSE
en-US,Geopolitcal - Acts,Securities Exchange,1933,Securities Exchange,1934,FALSE
en-US,Geopolitcal - Acts,Securities Exchange,1934,,,FALSE
en-US,Geopolitcal - Acts,Securities Investor Protection,1970,,,FALSE
en-US,Geopolitcal - Acts,Securities Litigation Reform,1995,Private Securities Litigation Reform,1995,FALSE
en-US,Geopolitcal - Acts,Service Contract,1965,,,FALSE
en-US,Geopolitcal - Acts,Servicemembers Civil Relief,2003,,,FALSE
en-US,Geopolitcal - Acts,Sherman,1890,Sherman Antitrust,1890,FALSE
en-US,Geopolitcal - Acts,Sherman Anti Trust,1890,Sherman Antitrust,1890,FALSE
en-US,Geopolitcal - Acts,Sherman Antitrust,1890,,,FALSE
en-US,Geopolitcal - Acts,Shipping,1984,,,FALSE
en-US,Geopolitcal - Acts,Small Business,1958,,,FALSE
en-US,Geopolitcal - Acts,Small Business Investment,1958,,,FALSE
en-US,Geopolitcal - Acts,Small Business Job Protection,1996,,,FALSE
en-US,Geopolitcal - Acts,Small Business Jobs,2010,,,FALSE
en-US,Geopolitcal - Acts,Small Business Jobs And Credit,2010,Small Business Jobs,2010,FALSE
en-US,Geopolitcal - Acts,Small Business Loan Securitization And Secondary Market Enhancement,1994,,,FALSE
en-US,Geopolitcal - Acts,Small Business Protection,1996,,,FALSE
en-US,Geopolitcal - Acts,Social Security,1935,,,FALSE
en-US,Geopolitcal - Acts,Soft Drink Interbrand Competition,1980,,,FALSE
en-US,Geopolitcal - Acts,Soldiers' And Sailors' Civil Relief,1940,,,FALSE
en-US,Geopolitcal - Acts,Solid Waste Disposal,1965,,,FALSE
en-US,Geopolitcal - Acts,Solid Waste Management,1980,,,FALSE
en-US,Geopolitcal - Acts,Stafford,1988,Robert T. Stafford Disaster Relief and Emergency Assistance,1988,FALSE
en-US,Geopolitcal - Acts,Staggers Rail,1980,,,FALSE
en-US,Geopolitcal - Acts,Stela,2010,Satellite Television Extension and Localism Act,2010,FALSE
en-US,Geopolitcal - Acts,Stela Reauthorization,2014,,,FALSE
en-US,Geopolitcal - Acts,Superfund,1980,"Comprehensive Environmental Response, Compensation, And Liability",1980,FALSE
en-US,Geopolitcal - Acts,Superfund Amendment And Reauthorization,1986,Superfund Amendments And Reauthorization,1986,FALSE
en-US,Geopolitcal - Acts,Superfund Amendments And Reauthorization,1986,,,FALSE
en-US,Geopolitcal - Acts,Superfund Amendments Reauthorization,1986,Superfund Amendments And Reauthorization,1986,FALSE
en-US,Geopolitcal - Acts,Support Anti-terrorism by Fostering Effective Technologies,2002,,,FALSE
en-US,Geopolitcal - Acts,Surface Mining Control And Reclamation,1977,,,FALSE
en-US,Geopolitcal - Acts,Sustainable Fisheries,1996,,,FALSE
en-US,Geopolitcal - Acts,Tariff,1930,,,FALSE
en-US,Geopolitcal - Acts,Tax,1993,Tax Reform,1993,FALSE
en-US,Geopolitcal - Acts,Tax Equity And Fiscal Responsibility,1982,,,FALSE
en-US,Geopolitcal - Acts,Tax Extenders And Alternative Minimum Tax Relief,2008,,,FALSE
en-US,Geopolitcal - Acts,Tax Increase Prevention,2007,,,FALSE
en-US,Geopolitcal - Acts,Tax Increase Prevention And Reconciliation,2005,,,FALSE
en-US,Geopolitcal - Acts,Tax Reform,1984,,,FALSE
en-US,Geopolitcal - Acts,Tax Reform,1986,,,FALSE
en-US,Geopolitcal - Acts,Tax Reform,1993,,,FALSE
en-US,Geopolitcal - Acts,Tax Reform,1996,,,FALSE
en-US,Geopolitcal - Acts,Tax Reform,1997,,,FALSE
en-US,Geopolitcal - Acts,Tax Relief And Health Care,2006,,,FALSE
en-US,Geopolitcal - Acts,Tax Relief Extension,1999,,,FALSE
en-US,Geopolitcal - Acts,"Tax Relief, Unemployment Insurance Reauthorization And Job Creation",2010,"Tax Relief, Unemployment Insurance Reauthorization, And Job Creation",2010,FALSE
en-US,Geopolitcal - Acts,"Tax Relief, Unemployment Insurance Reauthorization, And Job Creation",2010,,,FALSE
en-US,Geopolitcal - Acts,Tax Technical Corrections,2007,,,FALSE
en-US,Geopolitcal - Acts,Taxpayer Relief,1997,,,FALSE
en-US,Geopolitcal - Acts,Technical And Miscellaneous Revenue,1988,,,FALSE
en-US,Geopolitcal - Acts,Telecommunications,1996,,,FALSE
en-US,Geopolitcal - Acts,Telephone Consumer Protection,1991,Federal Telephone Consumer Protection,1991,FALSE
en-US,Geopolitcal - Acts,Terrorism Risk Insurance,2002,,,FALSE
en-US,Geopolitcal - Acts,Terrorism Risk Insurance Extension,2005,,,FALSE
en-US,Geopolitcal - Acts,Terrorism Risk Insurance Program Reauthorization,2007,,,FALSE
en-US,Geopolitcal - Acts,Terrorism Risk Insurance Reauthorization,2007,Terrorism Risk Insurance Program Reauthorization,2007,FALSE
en-US,Geopolitcal - Acts,Tila,1968,Truth In Lending,1968,FALSE
en-US,Geopolitcal - Acts,Toxic Substances Control,1976,,,FALSE
en-US,Geopolitcal - Acts,Toxic Substances Recovery,1976,,,FALSE
en-US,Geopolitcal - Acts,Trade,1974,,,FALSE
en-US,Geopolitcal - Acts,Trade Sanctions Reform and Export Enhancement,2000,,,FALSE
en-US,Geopolitcal - Acts,Trademark,1946,,,FALSE
en-US,Geopolitcal - Acts,Trading with the Enemy,1917,,,FALSE
en-US,Geopolitcal - Acts,Trucking Industry Regulatory Reform,1994,,,FALSE
en-US,Geopolitcal - Acts,Trust Indenture,1939,,,FALSE
en-US,Geopolitcal - Acts,Trust Indenture Reform,1990,,,FALSE
en-US,Geopolitcal - Acts,Truth In Lending,1968,,,FALSE
en-US,Geopolitcal - Acts,Truth In Negotiation,1962,,,FALSE
en-US,Geopolitcal - Acts,Truth In Savings,1991,Federal Deposit Insurance Corporation Improvement,1991,FALSE
en-US,Geopolitcal - Acts,Tunney,1974,Antitrust Procedures And Penalties,1974,FALSE
en-US,Geopolitcal - Acts,U . S . Oil Pollution,1990,,,FALSE
en-US,Geopolitcal - Acts,U . S . Securities,1933,Securities,1933,FALSE
en-US,Geopolitcal - Acts,U . S . Securities Exchange,1934,Securities Exchange,1934,FALSE
en-US,Geopolitcal - Acts,Uniformed Services Employment And Reemployment Rights,1994,,,FALSE
en-US,Geopolitcal - Acts,United States Employee Retirement Income Security,1974,Employee Retirement Income Security,1974,FALSE
en-US,Geopolitcal - Acts,United States Housing,1937,,,FALSE
en-US,Geopolitcal - Acts,United States Oil Pollution,1990,Oil Pollution,1990,FALSE
en-US,Geopolitcal - Acts,United States Private Securities Litigation Reform,1995,Private Securities Litigation Reform,1995,FALSE
en-US,Geopolitcal - Acts,United States Securities,1933,Securities,1933,FALSE
en-US,Geopolitcal - Acts,United States Securities Exchange,1934,Securities Exchange,1934,FALSE
en-US,Geopolitcal - Acts,Uniting And Strengthening America By Providing Appropriate Tools Required To Intercept And Obstruct Terrorism,2001,,,FALSE
en-US,Geopolitcal - Acts,Uniting And Strengthening America By Providing Appropriate Tools Required To Intercept And Obstruct Terrorism ( Usa Patriot,2001,Uniting And Strengthening America By Providing Appropriate Tools Required To Intercept And Obstruct Terrorism,2001,FALSE
en-US,Geopolitcal - Acts,Usa Patriot,2001,Uniting And Strengthening America By Providing Appropriate Tools Required To Intercept And Obstruct Terrorism,2001,FALSE
en-US,Geopolitcal - Acts,Usec Privatization,1996,,,FALSE
en-US,Geopolitcal - Acts,Used Oil Recycling,1980,,,FALSE
en-US,Geopolitcal - Acts,Veterans Health Care,1992,,,FALSE
en-US,Geopolitcal - Acts,Vhc,1992,Veterans Health Care,1992,FALSE
en-US,Geopolitcal - Acts,Virginia Electric Utility Restructuring,1999,,,FALSE
en-US,Geopolitcal - Acts,Wagner,1935,National Labor Relations,1935,FALSE
en-US,Geopolitcal - Acts,Water Power,1920,,,FALSE
en-US,Geopolitcal - Acts,Water Quality,1987,,,FALSE
en-US,Geopolitcal - Acts,Waxman Hatch,1984,Drug Price Competition and Patent Term Restoration,1984,FALSE
en-US,Geopolitcal - Acts,Wire,1961,Interstate Wire,1961,FALSE
en-US,Geopolitcal - Acts,Work Incentives Improvement,1999,,,FALSE
en-US,Geopolitcal - Acts,Worker Adjustment And Retraining Notification,1988,,,FALSE
en-US,Geopolitcal - Acts,"Worker, Homeownership, And Business Assistance",2009,,,FALSE
en-US,Geopolitcal - Acts,"Worker, Retiree And Employer Recovery",2008,"Worker, Retiree, And Employer Recovery",2008,FALSE
en-US,Geopolitcal - Acts,"Worker, Retiree, And Employer Recovery",2008,,,FALSE
en-US,Geopolitcal - Acts,Year 2000 Information And Readiness Disclosure,1998,,,FALSE
